Heading,Domain
"I *love* voting in person at our neighborhood community center, so you can count on me to be there bright and early on the big day!  :slightly_smiling_face",mailed
"I *love* voting in person at our neighborhood community center, so you can count on me to be there bright and early on the big day!  :slightly_smiling_face",in
"I *love* voting in person at our neighborhood community center, so you can count on me to be there bright and early on the big day!  :slightly_smiling_face",my
"I *love* voting in person at our neighborhood community center, so you can count on me to be there bright and early on the big day!  :slightly_smiling_face",ballot
"I *love* voting in person at our neighborhood community center, so you can count on me to be there bright and early on the big day!  :slightly_smiling_face",two
"I *love* voting in person at our neighborhood community center, so you can count on me to be there bright and early on the big day!  :slightly_smiling_face",weeks
"I *love* voting in person at our neighborhood community center, so you can count on me to be there bright and early on the big day!  :slightly_smiling_face",ago
"I *love* voting in person at our neighborhood community center, so you can count on me to be there bright and early on the big day!  :slightly_smiling_face",team
"I *love* voting in person at our neighborhood community center, so you can count on me to be there bright and early on the big day!  :slightly_smiling_face",members
"I *love* voting in person at our neighborhood community center, so you can count on me to be there bright and early on the big day!  :slightly_smiling_face",t
"I *love* voting in person at our neighborhood community center, so you can count on me to be there bright and early on the big day!  :slightly_smiling_face",forget
"I *love* voting in person at our neighborhood community center, so you can count on me to be there bright and early on the big day!  :slightly_smiling_face",to
"I *love* voting in person at our neighborhood community center, so you can count on me to be there bright and early on the big day!  :slightly_smiling_face",two
"I *love* voting in person at our neighborhood community center, so you can count on me to be there bright and early on the big day!  :slightly_smiling_face",weeks
"I *love* voting in person at our neighborhood community center, so you can count on me to be there bright and early on the big day!  :slightly_smiling_face",from
"I *love* voting in person at our neighborhood community center, so you can count on me to be there bright and early on the big day!  :slightly_smiling_face",today
"I *love* voting in person at our neighborhood community center, so you can count on me to be there bright and early on the big day!  :slightly_smiling_face",has
"I *love* voting in person at our neighborhood community center, so you can count on me to be there bright and early on the big day!  :slightly_smiling_face",joined
"I *love* voting in person at our neighborhood community center, so you can count on me to be there bright and early on the big day!  :slightly_smiling_face",the
"I *love* voting in person at our neighborhood community center, so you can count on me to be there bright and early on the big day!  :slightly_smiling_face",channel
"I *love* voting in person at our neighborhood community center, so you can count on me to be there bright and early on the big day!  :slightly_smiling_face",has
"I *love* voting in person at our neighborhood community center, so you can count on me to be there bright and early on the big day!  :slightly_smiling_face",joined
"I *love* voting in person at our neighborhood community center, so you can count on me to be there bright and early on the big day!  :slightly_smiling_face",the
"I *love* voting in person at our neighborhood community center, so you can count on me to be there bright and early on the big day!  :slightly_smiling_face",channel
"I *love* voting in person at our neighborhood community center, so you can count on me to be there bright and early on the big day!  :slightly_smiling_face",my
"I *love* voting in person at our neighborhood community center, so you can count on me to be there bright and early on the big day!  :slightly_smiling_face",goodness
"I *love* voting in person at our neighborhood community center, so you can count on me to be there bright and early on the big day!  :slightly_smiling_face",can
"I *love* voting in person at our neighborhood community center, so you can count on me to be there bright and early on the big day!  :slightly_smiling_face",t
"I *love* voting in person at our neighborhood community center, so you can count on me to be there bright and early on the big day!  :slightly_smiling_face",cope
"I *love* voting in person at our neighborhood community center, so you can count on me to be there bright and early on the big day!  :slightly_smiling_face",with
"I *love* voting in person at our neighborhood community center, so you can count on me to be there bright and early on the big day!  :slightly_smiling_face",this
"I *love* voting in person at our neighborhood community center, so you can count on me to be there bright and early on the big day!  :slightly_smiling_face",truffle
"I *love* voting in person at our neighborhood community center, so you can count on me to be there bright and early on the big day!  :slightly_smiling_face",butter
"I *love* voting in person at our neighborhood community center, so you can count on me to be there bright and early on the big day!  :slightly_smiling_face",is
"I *love* voting in person at our neighborhood community center, so you can count on me to be there bright and early on the big day!  :slightly_smiling_face",out
"I *love* voting in person at our neighborhood community center, so you can count on me to be there bright and early on the big day!  :slightly_smiling_face",of
"I *love* voting in person at our neighborhood community center, so you can count on me to be there bright and early on the big day!  :slightly_smiling_face",this
"I *love* voting in person at our neighborhood community center, so you can count on me to be there bright and early on the big day!  :slightly_smiling_face",world
"I *love* voting in person at our neighborhood community center, so you can count on me to be there bright and early on the big day!  :slightly_smiling_face",me
"I *love* voting in person at our neighborhood community center, so you can count on me to be there bright and early on the big day!  :slightly_smiling_face",be
"I *love* voting in person at our neighborhood community center, so you can count on me to be there bright and early on the big day!  :slightly_smiling_face",the
"I *love* voting in person at our neighborhood community center, so you can count on me to be there bright and early on the big day!  :slightly_smiling_face",one
"I *love* voting in person at our neighborhood community center, so you can count on me to be there bright and early on the big day!  :slightly_smiling_face",to
"I *love* voting in person at our neighborhood community center, so you can count on me to be there bright and early on the big day!  :slightly_smiling_face",second
"I *love* voting in person at our neighborhood community center, so you can count on me to be there bright and early on the big day!  :slightly_smiling_face",that
"I *love* voting in person at our neighborhood community center, so you can count on me to be there bright and early on the big day!  :slightly_smiling_face",emotion
"I *love* voting in person at our neighborhood community center, so you can count on me to be there bright and early on the big day!  :slightly_smiling_face",yum
"I *love* voting in person at our neighborhood community center, so you can count on me to be there bright and early on the big day!  :slightly_smiling_face",lobster
"I *love* voting in person at our neighborhood community center, so you can count on me to be there bright and early on the big day!  :slightly_smiling_face",better
"I *love* voting in person at our neighborhood community center, so you can count on me to be there bright and early on the big day!  :slightly_smiling_face",than
"I *love* voting in person at our neighborhood community center, so you can count on me to be there bright and early on the big day!  :slightly_smiling_face",being
"I *love* voting in person at our neighborhood community center, so you can count on me to be there bright and early on the big day!  :slightly_smiling_face",treated
"I *love* voting in person at our neighborhood community center, so you can count on me to be there bright and early on the big day!  :slightly_smiling_face",to
"I *love* voting in person at our neighborhood community center, so you can count on me to be there bright and early on the big day!  :slightly_smiling_face",s
"I *love* voting in person at our neighborhood community center, so you can count on me to be there bright and early on the big day!  :slightly_smiling_face",your
"I *love* voting in person at our neighborhood community center, so you can count on me to be there bright and early on the big day!  :slightly_smiling_face",first
"I *love* voting in person at our neighborhood community center, so you can count on me to be there bright and early on the big day!  :slightly_smiling_face",official
"I *love* voting in person at our neighborhood community center, so you can count on me to be there bright and early on the big day!  :slightly_smiling_face",day
"I *love* voting in person at our neighborhood community center, so you can count on me to be there bright and early on the big day!  :slightly_smiling_face",back
"I *love* voting in person at our neighborhood community center, so you can count on me to be there bright and early on the big day!  :slightly_smiling_face",to
"I *love* voting in person at our neighborhood community center, so you can count on me to be there bright and early on the big day!  :slightly_smiling_face",the
"I *love* voting in person at our neighborhood community center, so you can count on me to be there bright and early on the big day!  :slightly_smiling_face",office
"I *love* voting in person at our neighborhood community center, so you can count on me to be there bright and early on the big day!  :slightly_smiling_face",as
"I *love* voting in person at our neighborhood community center, so you can count on me to be there bright and early on the big day!  :slightly_smiling_face",charged
"I *love* voting in person at our neighborhood community center, so you can count on me to be there bright and early on the big day!  :slightly_smiling_face",took
"I *love* voting in person at our neighborhood community center, so you can count on me to be there bright and early on the big day!  :slightly_smiling_face",a
"I *love* voting in person at our neighborhood community center, so you can count on me to be there bright and early on the big day!  :slightly_smiling_face",bite
"I *love* voting in person at our neighborhood community center, so you can count on me to be there bright and early on the big day!  :slightly_smiling_face",out
"I *love* voting in person at our neighborhood community center, so you can count on me to be there bright and early on the big day!  :slightly_smiling_face",of
"I *love* voting in person at our neighborhood community center, so you can count on me to be there bright and early on the big day!  :slightly_smiling_face",it
"I *love* voting in person at our neighborhood community center, so you can count on me to be there bright and early on the big day!  :slightly_smiling_face",already
"I *love* voting in person at our neighborhood community center, so you can count on me to be there bright and early on the big day!  :slightly_smiling_face",though
You don't get these kinds of deliveries at your home office!!! :drooling_face,mean
You don't get these kinds of deliveries at your home office!!! :drooling_face,bungie
You don't get these kinds of deliveries at your home office!!! :drooling_face,was
You don't get these kinds of deliveries at your home office!!! :drooling_face,sensible
You don't get these kinds of deliveries at your home office!!! :drooling_face,enough
You don't get these kinds of deliveries at your home office!!! :drooling_face,to
You don't get these kinds of deliveries at your home office!!! :drooling_face,part
You don't get these kinds of deliveries at your home office!!! :drooling_face,ways
You don't get these kinds of deliveries at your home office!!! :drooling_face,with
You don't get these kinds of deliveries at your home office!!! :drooling_face,way
You don't get these kinds of deliveries at your home office!!! :drooling_face,back
You don't get these kinds of deliveries at your home office!!! :drooling_face,when
You don't get these kinds of deliveries at your home office!!! :drooling_face,they
You don't get these kinds of deliveries at your home office!!! :drooling_face,saw
You don't get these kinds of deliveries at your home office!!! :drooling_face,how
You don't get these kinds of deliveries at your home office!!! :drooling_face,they
You don't get these kinds of deliveries at your home office!!! :drooling_face,destroyed
You don't get these kinds of deliveries at your home office!!! :drooling_face,now
You don't get these kinds of deliveries at your home office!!! :drooling_face,siding
You don't get these kinds of deliveries at your home office!!! :drooling_face,with
You don't get these kinds of deliveries at your home office!!! :drooling_face,interesting
You don't get these kinds of deliveries at your home office!!! :drooling_face,move
You don't get these kinds of deliveries at your home office!!! :drooling_face,d
You don't get these kinds of deliveries at your home office!!! :drooling_face,say
You don't get these kinds of deliveries at your home office!!! :drooling_face,s
You don't get these kinds of deliveries at your home office!!! :drooling_face,track
You don't get these kinds of deliveries at your home office!!! :drooling_face,record
You don't get these kinds of deliveries at your home office!!! :drooling_face,isn
You don't get these kinds of deliveries at your home office!!! :drooling_face,t
You don't get these kinds of deliveries at your home office!!! :drooling_face,bad
You don't get these kinds of deliveries at your home office!!! :drooling_face,before
You don't get these kinds of deliveries at your home office!!! :drooling_face,destroyed
You don't get these kinds of deliveries at your home office!!! :drooling_face,it
You don't get these kinds of deliveries at your home office!!! :drooling_face,and
You don't get these kinds of deliveries at your home office!!! :drooling_face,both
You don't get these kinds of deliveries at your home office!!! :drooling_face,franchises
You don't get these kinds of deliveries at your home office!!! :drooling_face,did
You don't get these kinds of deliveries at your home office!!! :drooling_face,well
You don't get these kinds of deliveries at your home office!!! :drooling_face,whilst
You don't get these kinds of deliveries at your home office!!! :drooling_face,bungie
You don't get these kinds of deliveries at your home office!!! :drooling_face,was
You don't get these kinds of deliveries at your home office!!! :drooling_face,in
You don't get these kinds of deliveries at your home office!!! :drooling_face,still
You don't get these kinds of deliveries at your home office!!! :drooling_face,in
You don't get these kinds of deliveries at your home office!!! :drooling_face,control
You don't get these kinds of deliveries at your home office!!! :drooling_face,of
You don't get these kinds of deliveries at your home office!!! :drooling_face,them
You don't get these kinds of deliveries at your home office!!! :drooling_face,the
You don't get these kinds of deliveries at your home office!!! :drooling_face,show
You don't get these kinds of deliveries at your home office!!! :drooling_face,will
You don't get these kinds of deliveries at your home office!!! :drooling_face,just
You don't get these kinds of deliveries at your home office!!! :drooling_face,be
You don't get these kinds of deliveries at your home office!!! :drooling_face,that
You don't get these kinds of deliveries at your home office!!! :drooling_face,good
That's a lot for a company that basically makes one game :smiley,the
That's a lot for a company that basically makes one game :smiley,gaming
That's a lot for a company that basically makes one game :smiley,discussion
That's a lot for a company that basically makes one game :smiley,former
That's a lot for a company that basically makes one game :smiley,acquisition
That's a lot for a company that basically makes one game :smiley,acquired
That's a lot for a company that basically makes one game :smiley,by
That's a lot for a company that basically makes one game :smiley,3.
That's a lot for a company that basically makes one game :smiley,has
That's a lot for a company that basically makes one game :smiley,joined
That's a lot for a company that basically makes one game :smiley,the
That's a lot for a company that basically makes one game :smiley,channel
That's a lot for a company that basically makes one game :smiley,winning
That's a lot for a company that basically makes one game :smiley,and
That's a lot for a company that basically makes one game :smiley,wining
That's a lot for a company that basically makes one game :smiley,did
That's a lot for a company that basically makes one game :smiley,my
That's a lot for a company that basically makes one game :smiley,part
That's a lot for a company that basically makes one game :smiley,to
That's a lot for a company that basically makes one game :smiley,represent
That's a lot for a company that basically makes one game :smiley,over
That's a lot for a company that basically makes one game :smiley,the
That's a lot for a company that basically makes one game :smiley,weekend
That's a lot for a company that basically makes one game :smiley,has
That's a lot for a company that basically makes one game :smiley,joined
That's a lot for a company that basically makes one game :smiley,the
That's a lot for a company that basically makes one game :smiley,channel
That's a lot for a company that basically makes one game :smiley,omg
That's a lot for a company that basically makes one game :smiley,so
That's a lot for a company that basically makes one game :smiley,sorry
That's a lot for a company that basically makes one game :smiley,yes
That's a lot for a company that basically makes one game :smiley,are
That's a lot for a company that basically makes one game :smiley,we
That's a lot for a company that basically makes one game :smiley,still
That's a lot for a company that basically makes one game :smiley,meeting
That's a lot for a company that basically makes one game :smiley,today
That's a lot for a company that basically makes one game :smiley,has
That's a lot for a company that basically makes one game :smiley,joined
That's a lot for a company that basically makes one game :smiley,the
That's a lot for a company that basically makes one game :smiley,channel
That's a lot for a company that basically makes one game :smiley,m
That's a lot for a company that basically makes one game :smiley,sure
That's a lot for a company that basically makes one game :smiley,it
That's a lot for a company that basically makes one game :smiley,s
That's a lot for a company that basically makes one game :smiley,driving
That's a lot for a company that basically makes one game :smiley,our
That's a lot for a company that basically makes one game :smiley,poor
That's a lot for a company that basically makes one game :smiley,friends
That's a lot for a company that basically makes one game :smiley,at
That's a lot for a company that basically makes one game :smiley,nuts...but
That's a lot for a company that basically makes one game :smiley,do
That's a lot for a company that basically makes one game :smiley,love
That's a lot for a company that basically makes one game :smiley,seeing
That's a lot for a company that basically makes one game :smiley,those
That's a lot for a company that basically makes one game :smiley,ads
That's a lot for a company that basically makes one game :smiley,good
That's a lot for a company that basically makes one game :smiley,if
That's a lot for a company that basically makes one game :smiley,we
That's a lot for a company that basically makes one game :smiley,could
That's a lot for a company that basically makes one game :smiley,get
That's a lot for a company that basically makes one game :smiley,our
That's a lot for a company that basically makes one game :smiley,hands
That's a lot for a company that basically makes one game :smiley,on
That's a lot for a company that basically makes one game :smiley,the
That's a lot for a company that basically makes one game :smiley,campaign
That's a lot for a company that basically makes one game :smiley,metrics
That's a lot for a company that basically makes one game :smiley,continues
That's a lot for a company that basically makes one game :smiley,to
That's a lot for a company that basically makes one game :smiley,feature
That's a lot for a company that basically makes one game :smiley,their
That's a lot for a company that basically makes one game :smiley,certification
That's a lot for a company that basically makes one game :smiley,in
That's a lot for a company that basically makes one game :smiley,an
That's a lot for a company that basically makes one game :smiley,as
That's a lot for a company that basically makes one game :smiley,campaign
That's a lot for a company that basically makes one game :smiley,in
That's a lot for a company that basically makes one game :smiley,ve
That's a lot for a company that basically makes one game :smiley,been
That's a lot for a company that basically makes one game :smiley,running
That's a lot for a company that basically makes one game :smiley,this
That's a lot for a company that basically makes one game :smiley,sponsorship
That's a lot for a company that basically makes one game :smiley,for
That's a lot for a company that basically makes one game :smiley,about
That's a lot for a company that basically makes one game :smiley,a
That's a lot for a company that basically makes one game :smiley,month
That's a lot for a company that basically makes one game :smiley,now
That's a lot for a company that basically makes one game :smiley,has
That's a lot for a company that basically makes one game :smiley,joined
That's a lot for a company that basically makes one game :smiley,the
That's a lot for a company that basically makes one game :smiley,channel
That's a lot for a company that basically makes one game :smiley,has
That's a lot for a company that basically makes one game :smiley,joined
That's a lot for a company that basically makes one game :smiley,the
That's a lot for a company that basically makes one game :smiley,channel
That's a lot for a company that basically makes one game :smiley,has
That's a lot for a company that basically makes one game :smiley,joined
That's a lot for a company that basically makes one game :smiley,the
That's a lot for a company that basically makes one game :smiley,channel
That's a lot for a company that basically makes one game :smiley,has
That's a lot for a company that basically makes one game :smiley,left
That's a lot for a company that basically makes one game :smiley,the
That's a lot for a company that basically makes one game :smiley,channel
That's a lot for a company that basically makes one game :smiley,has
That's a lot for a company that basically makes one game :smiley,left
That's a lot for a company that basically makes one game :smiley,the
That's a lot for a company that basically makes one game :smiley,channel
That's a lot for a company that basically makes one game :smiley,you
That's a lot for a company that basically makes one game :smiley,the
That's a lot for a company that basically makes one game :smiley,end
That's a lot for a company that basically makes one game :smiley,of
That's a lot for a company that basically makes one game :smiley,next
That's a lot for a company that basically makes one game :smiley,week
That's a lot for a company that basically makes one game :smiley,is
That's a lot for a company that basically makes one game :smiley,a
That's a lot for a company that basically makes one game :smiley,long
That's a lot for a company that basically makes one game :smiley,holiday
That's a lot for a company that basically makes one game :smiley,weekend
That's a lot for a company that basically makes one game :smiley,in
That's a lot for a company that basically makes one game :smiley,the
That's a lot for a company that basically makes one game :smiley,so
That's a lot for a company that basically makes one game :smiley,will
That's a lot for a company that basically makes one game :smiley,probably
That's a lot for a company that basically makes one game :smiley,add
That's a lot for a company that basically makes one game :smiley,to
That's a lot for a company that basically makes one game :smiley,that
That's a lot for a company that basically makes one game :smiley,to
That's a lot for a company that basically makes one game :smiley,make
That's a lot for a company that basically makes one game :smiley,it
That's a lot for a company that basically makes one game :smiley,even
That's a lot for a company that basically makes one game :smiley,longer
That's a lot for a company that basically makes one game :smiley,liaise
That's a lot for a company that basically makes one game :smiley,with
That's a lot for a company that basically makes one game :smiley,all
That's a lot for a company that basically makes one game :smiley,didn
That's a lot for a company that basically makes one game :smiley,t
That's a lot for a company that basically makes one game :smiley,want
That's a lot for a company that basically makes one game :smiley,to
That's a lot for a company that basically makes one game :smiley,distract
That's a lot for a company that basically makes one game :smiley,from
That's a lot for a company that basically makes one game :smiley,the
That's a lot for a company that basically makes one game :smiley,current
That's a lot for a company that basically makes one game :smiley,discussion
That's a lot for a company that basically makes one game :smiley,going
That's a lot for a company that basically makes one game :smiley,on
That's a lot for a company that basically makes one game :smiley,in
That's a lot for a company that basically makes one game :smiley,the
That's a lot for a company that basically makes one game :smiley,channel
That's a lot for a company that basically makes one game :smiley,so
That's a lot for a company that basically makes one game :smiley,this
That's a lot for a company that basically makes one game :smiley,is
That's a lot for a company that basically makes one game :smiley,as
That's a lot for a company that basically makes one game :smiley,good
That's a lot for a company that basically makes one game :smiley,of
That's a lot for a company that basically makes one game :smiley,a
That's a lot for a company that basically makes one game :smiley,place
That's a lot for a company that basically makes one game :smiley,to
That's a lot for a company that basically makes one game :smiley,bring
That's a lot for a company that basically makes one game :smiley,this
That's a lot for a company that basically makes one game :smiley,topic
That's a lot for a company that basically makes one game :smiley,up
That's a lot for a company that basically makes one game :smiley,as
That's a lot for a company that basically makes one game :smiley,any
That's a lot for a company that basically makes one game :smiley,like
That's a lot for a company that basically makes one game :smiley,many
That's a lot for a company that basically makes one game :smiley,people
That's a lot for a company that basically makes one game :smiley,have
That's a lot for a company that basically makes one game :smiley,recently
That's a lot for a company that basically makes one game :smiley,cancelled
That's a lot for a company that basically makes one game :smiley,plans
That's a lot for a company that basically makes one game :smiley,was
That's a lot for a company that basically makes one game :smiley,retracting
That's a lot for a company that basically makes one game :smiley,my
That's a lot for a company that basically makes one game :smiley,request
That's a lot for a company that basically makes one game :smiley,on
That's a lot for a company that basically makes one game :smiley,it
That's a lot for a company that basically makes one game :smiley,occurred
That's a lot for a company that basically makes one game :smiley,to
That's a lot for a company that basically makes one game :smiley,me
That's a lot for a company that basically makes one game :smiley,that
That's a lot for a company that basically makes one game :smiley,the
That's a lot for a company that basically makes one game :smiley,entire
That's a lot for a company that basically makes one game :smiley,team
That's a lot for a company that basically makes one game :smiley,is
That's a lot for a company that basically makes one game :smiley,in
That's a lot for a company that basically makes one game :smiley,the
That's a lot for a company that basically makes one game :smiley,same
That's a lot for a company that basically makes one game :smiley,predicament
That's a lot for a company that basically makes one game :smiley,of
That's a lot for a company that basically makes one game :smiley,not
That's a lot for a company that basically makes one game :smiley,being
That's a lot for a company that basically makes one game :smiley,able
That's a lot for a company that basically makes one game :smiley,to
That's a lot for a company that basically makes one game :smiley,travel
That's a lot for a company that basically makes one game :smiley,duh
That's a lot for a company that basically makes one game :smiley,but
That's a lot for a company that basically makes one game :smiley,this
That's a lot for a company that basically makes one game :smiley,potentially
That's a lot for a company that basically makes one game :smiley,raises
That's a lot for a company that basically makes one game :smiley,two
That's a lot for a company that basically makes one game :smiley,challenges
That's a lot for a company that basically makes one game :smiley,and
That's a lot for a company that basically makes one game :smiley,most
That's a lot for a company that basically makes one game :smiley,importantly
That's a lot for a company that basically makes one game :smiley,vacation
That's a lot for a company that basically makes one game :smiley,is
That's a lot for a company that basically makes one game :smiley,great
That's a lot for a company that basically makes one game :smiley,for
That's a lot for a company that basically makes one game :smiley,your
That's a lot for a company that basically makes one game :smiley,mental
That's a lot for a company that basically makes one game :smiley,health
That's a lot for a company that basically makes one game :smiley,we
That's a lot for a company that basically makes one game :smiley,can
That's a lot for a company that basically makes one game :smiley,t
That's a lot for a company that basically makes one game :smiley,take
That's a lot for a company that basically makes one game :smiley,traditional
That's a lot for a company that basically makes one game :smiley,vacations
That's a lot for a company that basically makes one game :smiley,at
That's a lot for a company that basically makes one game :smiley,the
That's a lot for a company that basically makes one game :smiley,moment
That's a lot for a company that basically makes one game :smiley,spending
That's a lot for a company that basically makes one game :smiley,time
That's a lot for a company that basically makes one game :smiley,away
That's a lot for a company that basically makes one game :smiley,from
That's a lot for a company that basically makes one game :smiley,from
That's a lot for a company that basically makes one game :smiley,work
That's a lot for a company that basically makes one game :smiley,is
That's a lot for a company that basically makes one game :smiley,still
That's a lot for a company that basically makes one game :smiley,very
That's a lot for a company that basically makes one game :smiley,important
That's a lot for a company that basically makes one game :smiley,to
That's a lot for a company that basically makes one game :smiley,relax
That's a lot for a company that basically makes one game :smiley,your
That's a lot for a company that basically makes one game :smiley,brain
That's a lot for a company that basically makes one game :smiley,and
That's a lot for a company that basically makes one game :smiley,ease
That's a lot for a company that basically makes one game :smiley,some
That's a lot for a company that basically makes one game :smiley,of
That's a lot for a company that basically makes one game :smiley,those
That's a lot for a company that basically makes one game :smiley,everyday
That's a lot for a company that basically makes one game :smiley,stresses
That's a lot for a company that basically makes one game :smiley,d
That's a lot for a company that basically makes one game :smiley,like
That's a lot for a company that basically makes one game :smiley,everyone
That's a lot for a company that basically makes one game :smiley,to
That's a lot for a company that basically makes one game :smiley,take
That's a lot for a company that basically makes one game :smiley,1
That's a lot for a company that basically makes one game :smiley,day
That's a lot for a company that basically makes one game :smiley,off
That's a lot for a company that basically makes one game :smiley,during
That's a lot for a company that basically makes one game :smiley,the
That's a lot for a company that basically makes one game :smiley,month
That's a lot for a company that basically makes one game :smiley,of
That's a lot for a company that basically makes one game :smiley,and
That's a lot for a company that basically makes one game :smiley,you
That's a lot for a company that basically makes one game :smiley,will
That's a lot for a company that basically makes one game :smiley,not
That's a lot for a company that basically makes one game :smiley,be
That's a lot for a company that basically makes one game :smiley,deducted
That's a lot for a company that basically makes one game :smiley,a
That's a lot for a company that basically makes one game :smiley,day
That's a lot for a company that basically makes one game :smiley,this
That's a lot for a company that basically makes one game :smiley,is
That's a lot for a company that basically makes one game :smiley,not
That's a lot for a company that basically makes one game :smiley,an
That's a lot for a company that basically makes one game :smiley,joke
That's a lot for a company that basically makes one game :smiley,that
That's a lot for a company that basically makes one game :smiley,day
That's a lot for a company that basically makes one game :smiley,with
That's a lot for a company that basically makes one game :smiley,to
That's a lot for a company that basically makes one game :smiley,ensure
That's a lot for a company that basically makes one game :smiley,we
That's a lot for a company that basically makes one game :smiley,have
That's a lot for a company that basically makes one game :smiley,adequate
That's a lot for a company that basically makes one game :smiley,coverage
That's a lot for a company that basically makes one game :smiley,across
That's a lot for a company that basically makes one game :smiley,the
That's a lot for a company that basically makes one game :smiley,team
That's a lot for a company that basically makes one game :smiley,while
That's a lot for a company that basically makes one game :smiley,assume
That's a lot for a company that basically makes one game :smiley,most
That's a lot for a company that basically makes one game :smiley,people
That's a lot for a company that basically makes one game :smiley,are
That's a lot for a company that basically makes one game :smiley,not
That's a lot for a company that basically makes one game :smiley,taking
That's a lot for a company that basically makes one game :smiley,extended
That's a lot for a company that basically makes one game :smiley,over
That's a lot for a company that basically makes one game :smiley,the
That's a lot for a company that basically makes one game :smiley,next
That's a lot for a company that basically makes one game :smiley,couple
That's a lot for a company that basically makes one game :smiley,of
That's a lot for a company that basically makes one game :smiley,months
That's a lot for a company that basically makes one game :smiley,would
That's a lot for a company that basically makes one game :smiley,encourage
That's a lot for a company that basically makes one game :smiley,you
That's a lot for a company that basically makes one game :smiley,to
That's a lot for a company that basically makes one game :smiley,use
That's a lot for a company that basically makes one game :smiley,some
That's a lot for a company that basically makes one game :smiley,of
That's a lot for a company that basically makes one game :smiley,your
That's a lot for a company that basically makes one game :smiley,annual
That's a lot for a company that basically makes one game :smiley,leave
That's a lot for a company that basically makes one game :smiley,during
That's a lot for a company that basically makes one game :smiley,this
That's a lot for a company that basically makes one game :smiley,time
That's a lot for a company that basically makes one game :smiley,to
That's a lot for a company that basically makes one game :smiley,continue
That's a lot for a company that basically makes one game :smiley,to
That's a lot for a company that basically makes one game :smiley,get
That's a lot for a company that basically makes one game :smiley,away
That's a lot for a company that basically makes one game :smiley,from
That's a lot for a company that basically makes one game :smiley,the
That's a lot for a company that basically makes one game :smiley,daily
That's a lot for a company that basically makes one game :smiley,grind
That's a lot for a company that basically makes one game :smiley,of
That's a lot for a company that basically makes one game :smiley,working
That's a lot for a company that basically makes one game :smiley,and
That's a lot for a company that basically makes one game :smiley,recharge
That's a lot for a company that basically makes one game :smiley,your
That's a lot for a company that basically makes one game :smiley,batteries
That's a lot for a company that basically makes one game :smiley,will
That's a lot for a company that basically makes one game :smiley,also
That's a lot for a company that basically makes one game :smiley,relieve
That's a lot for a company that basically makes one game :smiley,some
That's a lot for a company that basically makes one game :smiley,of
That's a lot for a company that basically makes one game :smiley,the
That's a lot for a company that basically makes one game :smiley,strain
That's a lot for a company that basically makes one game :smiley,on
That's a lot for a company that basically makes one game :smiley,the
That's a lot for a company that basically makes one game :smiley,organization
That's a lot for a company that basically makes one game :smiley,assuming
That's a lot for a company that basically makes one game :smiley,we
That's a lot for a company that basically makes one game :smiley,get
That's a lot for a company that basically makes one game :smiley,back
That's a lot for a company that basically makes one game :smiley,to
That's a lot for a company that basically makes one game :smiley,normal
That's a lot for a company that basically makes one game :smiley,after
That's a lot for a company that basically makes one game :smiley,the
That's a lot for a company that basically makes one game :smiley,and
That's a lot for a company that basically makes one game :smiley,everyone
That's a lot for a company that basically makes one game :smiley,is
That's a lot for a company that basically makes one game :smiley,looking
That's a lot for a company that basically makes one game :smiley,to
That's a lot for a company that basically makes one game :smiley,squeeze
That's a lot for a company that basically makes one game :smiley,in
That's a lot for a company that basically makes one game :smiley,those
That's a lot for a company that basically makes one game :smiley,vacation
That's a lot for a company that basically makes one game :smiley,days
That's a lot for a company that basically makes one game :smiley,before
That's a lot for a company that basically makes one game :smiley,the
That's a lot for a company that basically makes one game :smiley,holidays
That's a lot for a company that basically makes one game :smiley,and
That's a lot for a company that basically makes one game :smiley,the
That's a lot for a company that basically makes one game :smiley,end
That's a lot for a company that basically makes one game :smiley,of
That's a lot for a company that basically makes one game :smiley,the
That's a lot for a company that basically makes one game :smiley,year
That's a lot for a company that basically makes one game :smiley,would
That's a lot for a company that basically makes one game :smiley,hate
That's a lot for a company that basically makes one game :smiley,to
That's a lot for a company that basically makes one game :smiley,have
That's a lot for a company that basically makes one game :smiley,to
That's a lot for a company that basically makes one game :smiley,reject
That's a lot for a company that basically makes one game :smiley,any
That's a lot for a company that basically makes one game :smiley,such
That's a lot for a company that basically makes one game :smiley,requests
That's a lot for a company that basically makes one game :smiley,due
That's a lot for a company that basically makes one game :smiley,to
That's a lot for a company that basically makes one game :smiley,several
That's a lot for a company that basically makes one game :smiley,others
That's a lot for a company that basically makes one game :smiley,already
That's a lot for a company that basically makes one game :smiley,being
That's a lot for a company that basically makes one game :smiley,out
That's a lot for a company that basically makes one game :smiley,of
That's a lot for a company that basically makes one game :smiley,the
That's a lot for a company that basically makes one game :smiley,office
That's a lot for a company that basically makes one game :smiley,of
That's a lot for a company that basically makes one game :smiley,this
That's a lot for a company that basically makes one game :smiley,is
That's a lot for a company that basically makes one game :smiley,a
That's a lot for a company that basically makes one game :smiley,way
That's a lot for a company that basically makes one game :smiley,to
That's a lot for a company that basically makes one game :smiley,say
That's a lot for a company that basically makes one game :smiley,that
That's a lot for a company that basically makes one game :smiley,we
That's a lot for a company that basically makes one game :smiley,re
That's a lot for a company that basically makes one game :smiley,thinking
That's a lot for a company that basically makes one game :smiley,about
That's a lot for a company that basically makes one game :smiley,your
That's a lot for a company that basically makes one game :smiley,short
That's a lot for a company that basically makes one game :smiley,and
That's a lot for a company that basically makes one game :smiley,long
That's a lot for a company that basically makes one game :smiley,term
That's a lot for a company that basically makes one game :smiley,well
That's a lot for a company that basically makes one game :smiley,being
That's a lot for a company that basically makes one game :smiley,healthy
That's a lot for a company that basically makes one game :smiley,hubspotfail
That's a lot for a company that basically makes one game :smiley,looks
That's a lot for a company that basically makes one game :smiley,to
That's a lot for a company that basically makes one game :smiley,be
That's a lot for a company that basically makes one game :smiley,having
That's a lot for a company that basically makes one game :smiley,issues
That's a lot for a company that basically makes one game :smiley,at
That's a lot for a company that basically makes one game :smiley,the
That's a lot for a company that basically makes one game :smiley,moment
That's a lot for a company that basically makes one game :smiley,has
That's a lot for a company that basically makes one game :smiley,joined
That's a lot for a company that basically makes one game :smiley,the
That's a lot for a company that basically makes one game :smiley,channel
That's a lot for a company that basically makes one game :smiley,has
That's a lot for a company that basically makes one game :smiley,joined
That's a lot for a company that basically makes one game :smiley,the
That's a lot for a company that basically makes one game :smiley,channel
That's a lot for a company that basically makes one game :smiley,https
That's a lot for a company that basically makes one game :smiley,www.zdnet.com
That's a lot for a company that basically makes one game :smiley,article
That's a lot for a company that basically makes one game :smiley,dhs-cisa-warns-of-iranian-hackers-habit-of-deploying-data-wiping-malware
That's a lot for a company that basically makes one game :smiley,out
That's a lot for a company that basically makes one game :smiley,what
That's a lot for a company that basically makes one game :smiley,has
That's a lot for a company that basically makes one game :smiley,been
That's a lot for a company that basically makes one game :smiley,up
That's a lot for a company that basically makes one game :smiley,to
That's a lot for a company that basically makes one game :smiley,https
That's a lot for a company that basically makes one game :smiley,iapp.org
That's a lot for a company that basically makes one game :smiley,news
That's a lot for a company that basically makes one game :smiley,a
That's a lot for a company that basically makes one game :smiley,a-data-processing-addendum-for-the-ccpa
That's a lot for a company that basically makes one game :smiley,you
That's a lot for a company that basically makes one game :smiley,can
That's a lot for a company that basically makes one game :smiley,access
That's a lot for a company that basically makes one game :smiley,the
That's a lot for a company that basically makes one game :smiley,set
That's a lot for a company that basically makes one game :smiley,from
That's a lot for a company that basically makes one game :smiley,some
That's a lot for a company that basically makes one game :smiley,but
That's a lot for a company that basically makes one game :smiley,not
That's a lot for a company that basically makes one game :smiley,others
That's a lot for a company that basically makes one game :smiley,s
That's a lot for a company that basically makes one game :smiley,escalating
That's a lot for a company that basically makes one game :smiley,the
That's a lot for a company that basically makes one game :smiley,ticket
That's a lot for a company that basically makes one game :smiley,a
That's a lot for a company that basically makes one game :smiley,ticket
That's a lot for a company that basically makes one game :smiley,to
That's a lot for a company that basically makes one game :smiley,far
That's a lot for a company that basically makes one game :smiley,as
That's a lot for a company that basically makes one game :smiley,can
That's a lot for a company that basically makes one game :smiley,tell
That's a lot for a company that basically makes one game :smiley,it
That's a lot for a company that basically makes one game :smiley,s
That's a lot for a company that basically makes one game :smiley,a
That's a lot for a company that basically makes one game :smiley,routing
That's a lot for a company that basically makes one game :smiley,issue
That's a lot for a company that basically makes one game :smiley,at
That's a lot for a company that basically makes one game :smiley,a
That's a lot for a company that basically makes one game :smiley,higher
That's a lot for a company that basically makes one game :smiley,level
That's a lot for a company that basically makes one game :smiley,than
That's a lot for a company that basically makes one game :smiley,them
That's a lot for a company that basically makes one game :smiley,it
That's a lot for a company that basically makes one game :smiley,s
That's a lot for a company that basically makes one game :smiley,having
That's a lot for a company that basically makes one game :smiley,trouble
That's a lot for a company that basically makes one game :smiley,pulling
That's a lot for a company that basically makes one game :smiley,from
That's a lot for a company that basically makes one game :smiley,too
That's a lot for a company that basically makes one game :smiley,page
That's a lot for a company that basically makes one game :smiley,still
That's a lot for a company that basically makes one game :smiley,shows
That's a lot for a company that basically makes one game :smiley,and
That's a lot for a company that basically makes one game :smiley,shows
That's a lot for a company that basically makes one game :smiley,as
That's a lot for a company that basically makes one game :smiley,published
That's a lot for a company that basically makes one game :smiley,so
That's a lot for a company that basically makes one game :smiley,that
That's a lot for a company that basically makes one game :smiley,s
That's a lot for a company that basically makes one game :smiley,good
That's a lot for a company that basically makes one game :smiley,news
That's a lot for a company that basically makes one game :smiley,ugh
That's a lot for a company that basically makes one game :smiley,to
That's a lot for a company that basically makes one game :smiley,hear
That's a lot for a company that basically makes one game :smiley,but
That's a lot for a company that basically makes one game :smiley,thanks
That's a lot for a company that basically makes one game :smiley,for
That's a lot for a company that basically makes one game :smiley,the
That's a lot for a company that basically makes one game :smiley,heads-up
That's a lot for a company that basically makes one game :smiley,is
That's a lot for a company that basically makes one game :smiley,still
That's a lot for a company that basically makes one game :smiley,down
That's a lot for a company that basically makes one game :smiley,ll
That's a lot for a company that basically makes one game :smiley,open
That's a lot for a company that basically makes one game :smiley,a
That's a lot for a company that basically makes one game :smiley,support
That's a lot for a company that basically makes one game :smiley,ticket
That's a lot for a company that basically makes one game :smiley,at
That's a lot for a company that basically makes one game :smiley,the
That's a lot for a company that basically makes one game :smiley,top
That's a lot for a company that basically makes one game :smiley,of
That's a lot for a company that basically makes one game :smiley,the
That's a lot for a company that basically makes one game :smiley,hour
That's a lot for a company that basically makes one game :smiley,if
That's a lot for a company that basically makes one game :smiley,it
That's a lot for a company that basically makes one game :smiley,s
That's a lot for a company that basically makes one game :smiley,still
That's a lot for a company that basically makes one game :smiley,down
That's a lot for a company that basically makes one game :smiley,then
That's a lot for a company that basically makes one game :smiley,for
That's a lot for a company that basically makes one game :smiley,the
That's a lot for a company that basically makes one game :smiley,spam
That's a lot for a company that basically makes one game :smiley,s
That's a lot for a company that basically makes one game :smiley,coming
That's a lot for a company that basically makes one game :smiley,back
That's a lot for a company that basically makes one game :smiley,up
That's a lot for a company that basically makes one game :smiley,in
That's a lot for a company that basically makes one game :smiley,pieces
That's a lot for a company that basically makes one game :smiley,now
That's a lot for a company that basically makes one game :smiley,but
That's a lot for a company that basically makes one game :smiley,the
That's a lot for a company that basically makes one game :smiley,site
That's a lot for a company that basically makes one game :smiley,is
That's a lot for a company that basically makes one game :smiley,still
That's a lot for a company that basically makes one game :smiley,down
That's a lot for a company that basically makes one game :smiley,they
That's a lot for a company that basically makes one game :smiley,re
That's a lot for a company that basically makes one game :smiley,back
That's a lot for a company that basically makes one game :smiley,up
That's a lot for a company that basically makes one game :smiley,may
That's a lot for a company that basically makes one game :smiley,have
That's a lot for a company that basically makes one game :smiley,just
That's a lot for a company that basically makes one game :smiley,gone
That's a lot for a company that basically makes one game :smiley,down
That's a lot for a company that basically makes one game :smiley,has
That's a lot for a company that basically makes one game :smiley,joined
That's a lot for a company that basically makes one game :smiley,the
That's a lot for a company that basically makes one game :smiley,channel
That's a lot for a company that basically makes one game :smiley,has
That's a lot for a company that basically makes one game :smiley,joined
That's a lot for a company that basically makes one game :smiley,the
That's a lot for a company that basically makes one game :smiley,channel
It looks like an airport directory :smiley,s
It looks like an airport directory :smiley,old
It looks like an airport directory :smiley,logo
It looks like an airport directory :smiley,was
It looks like an airport directory :smiley,admittedly
It looks like an airport directory :smiley,terrible
It looks like an airport directory :smiley,the
It looks like an airport directory :smiley,new
It looks like an airport directory :smiley,one
It looks like an airport directory :smiley,hardly
It looks like an airport directory :smiley,even
It looks like an airport directory :smiley,counts
It looks like an airport directory :smiley,as
It looks like an airport directory :smiley,a
It looks like an airport directory :smiley,logo
It looks like an airport directory :smiley,is
It looks like an airport directory :smiley,trying
It looks like an airport directory :smiley,to
It looks like an airport directory :smiley,give
It looks like an airport directory :smiley,them
It looks like an airport directory :smiley,a
It looks like an airport directory :smiley,run
It looks like an airport directory :smiley,for
It looks like an airport directory :smiley,their
It looks like an airport directory :smiley,money
It looks like an airport directory :smiley,on
It looks like an airport directory :smiley,terrible
It looks like an airport directory :smiley,redesigns
It looks like an airport directory :smiley,one
It looks like an airport directory :smiley,week
It looks like an airport directory :smiley,update
It looks like an airport directory :smiley,nope
It looks like an airport directory :smiley,still
It looks like an airport directory :smiley,hate
It looks like an airport directory :smiley,the
It looks like an airport directory :smiley,new
It looks like an airport directory :smiley,slack
It looks like an airport directory :smiley,icon
<@U4RHA1N3X> youre among your people. :wink,if
<@U4RHA1N3X> youre among your people. :wink,my
<@U4RHA1N3X> youre among your people. :wink,twitter
<@U4RHA1N3X> youre among your people. :wink,feed
<@U4RHA1N3X> youre among your people. :wink,is
<@U4RHA1N3X> youre among your people. :wink,any
<@U4RHA1N3X> youre among your people. :wink,indication
<@U4RHA1N3X> youre among your people. :wink,the
<@U4RHA1N3X> youre among your people. :wink,outrage
<@U4RHA1N3X> youre among your people. :wink,is
<@U4RHA1N3X> youre among your people. :wink,universal
<@U4RHA1N3X> youre among your people. :wink,so
<@U4RHA1N3X> youre among your people. :wink,glad
<@U4RHA1N3X> youre among your people. :wink,m
<@U4RHA1N3X> youre among your people. :wink,not
<@U4RHA1N3X> youre among your people. :wink,the
<@U4RHA1N3X> youre among your people. :wink,only
<@U4RHA1N3X> youre among your people. :wink,one
<@U4RHA1N3X> youre among your people. :wink,who
<@U4RHA1N3X> youre among your people. :wink,was
<@U4RHA1N3X> youre among your people. :wink,being
<@U4RHA1N3X> youre among your people. :wink,driven
<@U4RHA1N3X> youre among your people. :wink,batty
<@U4RHA1N3X> youre among your people. :wink,by
<@U4RHA1N3X> youre among your people. :wink,that
<@U4RHA1N3X> youre among your people. :wink,new
<@U4RHA1N3X> youre among your people. :wink,logo
<@U4RHA1N3X> youre among your people. :wink,on
<@U4RHA1N3X> youre among your people. :wink,my
<@U4RHA1N3X> youre among your people. :wink,phone
<@U4RHA1N3X> youre among your people. :wink,today
"okay, done with logo rant. :wink",want
"okay, done with logo rant. :wink",the
"okay, done with logo rant. :wink",hashtag
"okay, done with logo rant. :wink",back
"okay, done with logo rant. :wink",can
"okay, done with logo rant. :wink",be
"okay, done with logo rant. :wink",black
"okay, done with logo rant. :wink",and
"okay, done with logo rant. :wink",white
"okay, done with logo rant. :wink",if
"okay, done with logo rant. :wink",they
"okay, done with logo rant. :wink",want
"okay, done with logo rant. :wink",fewer
"okay, done with logo rant. :wink",colors
"okay, done with logo rant. :wink",but
"okay, done with logo rant. :wink",this
"okay, done with logo rant. :wink",just
"okay, done with logo rant. :wink",looks
"okay, done with logo rant. :wink",like
"okay, done with logo rant. :wink",a
"okay, done with logo rant. :wink",weird
"okay, done with logo rant. :wink",water
"okay, done with logo rant. :wink",wheel
"okay, done with logo rant. :wink",to
"okay, done with logo rant. :wink",me
"okay, done with logo rant. :wink",imagine
"okay, done with logo rant. :wink",spot-color
"okay, done with logo rant. :wink",printing
"okay, done with logo rant. :wink",that
"okay, done with logo rant. :wink",stationery
"okay, done with logo rant. :wink",didn
"okay, done with logo rant. :wink",t
"okay, done with logo rant. :wink",realize
"okay, done with logo rant. :wink",their
"okay, done with logo rant. :wink",old
"okay, done with logo rant. :wink",logo
"okay, done with logo rant. :wink",had
"okay, done with logo rant. :wink",11
"okay, done with logo rant. :wink",colors
"okay, done with logo rant. :wink",would
"okay, done with logo rant. :wink",be
"okay, done with logo rant. :wink",a
"okay, done with logo rant. :wink",pain
"okay, done with logo rant. :wink",it
"okay, done with logo rant. :wink",looks
"okay, done with logo rant. :wink",like
I hate the new Slack logo (iPhone just updated my app). That is all. :stuck_out_tongue_closed_eyes,has
I hate the new Slack logo (iPhone just updated my app). That is all. :stuck_out_tongue_closed_eyes,joined
I hate the new Slack logo (iPhone just updated my app). That is all. :stuck_out_tongue_closed_eyes,the
I hate the new Slack logo (iPhone just updated my app). That is all. :stuck_out_tongue_closed_eyes,channel
I hate the new Slack logo (iPhone just updated my app). That is all. :stuck_out_tongue_closed_eyes,has
I hate the new Slack logo (iPhone just updated my app). That is all. :stuck_out_tongue_closed_eyes,joined
I hate the new Slack logo (iPhone just updated my app). That is all. :stuck_out_tongue_closed_eyes,the
I hate the new Slack logo (iPhone just updated my app). That is all. :stuck_out_tongue_closed_eyes,channel
I hate the new Slack logo (iPhone just updated my app). That is all. :stuck_out_tongue_closed_eyes,has
I hate the new Slack logo (iPhone just updated my app). That is all. :stuck_out_tongue_closed_eyes,joined
I hate the new Slack logo (iPhone just updated my app). That is all. :stuck_out_tongue_closed_eyes,the
I hate the new Slack logo (iPhone just updated my app). That is all. :stuck_out_tongue_closed_eyes,channel
I hate the new Slack logo (iPhone just updated my app). That is all. :stuck_out_tongue_closed_eyes,has
I hate the new Slack logo (iPhone just updated my app). That is all. :stuck_out_tongue_closed_eyes,joined
I hate the new Slack logo (iPhone just updated my app). That is all. :stuck_out_tongue_closed_eyes,the
I hate the new Slack logo (iPhone just updated my app). That is all. :stuck_out_tongue_closed_eyes,channel
I hate the new Slack logo (iPhone just updated my app). That is all. :stuck_out_tongue_closed_eyes,woot
I hate the new Slack logo (iPhone just updated my app). That is all. :stuck_out_tongue_closed_eyes,kickoff
I hate the new Slack logo (iPhone just updated my app). That is all. :stuck_out_tongue_closed_eyes,ll
I hate the new Slack logo (iPhone just updated my app). That is all. :stuck_out_tongue_closed_eyes,be
I hate the new Slack logo (iPhone just updated my app). That is all. :stuck_out_tongue_closed_eyes,back
I hate the new Slack logo (iPhone just updated my app). That is all. :stuck_out_tongue_closed_eyes,up
I hate the new Slack logo (iPhone just updated my app). That is all. :stuck_out_tongue_closed_eyes,around
I hate the new Slack logo (iPhone just updated my app). That is all. :stuck_out_tongue_closed_eyes,3
I hate the new Slack logo (iPhone just updated my app). That is all. :stuck_out_tongue_closed_eyes,the
I hate the new Slack logo (iPhone just updated my app). That is all. :stuck_out_tongue_closed_eyes,app
I hate the new Slack logo (iPhone just updated my app). That is all. :stuck_out_tongue_closed_eyes,for
I hate the new Slack logo (iPhone just updated my app). That is all. :stuck_out_tongue_closed_eyes,mail
I hate the new Slack logo (iPhone just updated my app). That is all. :stuck_out_tongue_closed_eyes,if
I hate the new Slack logo (iPhone just updated my app). That is all. :stuck_out_tongue_closed_eyes,you
I hate the new Slack logo (iPhone just updated my app). That is all. :stuck_out_tongue_closed_eyes,aren
I hate the new Slack logo (iPhone just updated my app). That is all. :stuck_out_tongue_closed_eyes,t
I hate the new Slack logo (iPhone just updated my app). That is all. :stuck_out_tongue_closed_eyes,doing
I hate the new Slack logo (iPhone just updated my app). That is all. :stuck_out_tongue_closed_eyes,so
I hate the new Slack logo (iPhone just updated my app). That is all. :stuck_out_tongue_closed_eyes,already
I hate the new Slack logo (iPhone just updated my app). That is all. :stuck_out_tongue_closed_eyes,https
I hate the new Slack logo (iPhone just updated my app). That is all. :stuck_out_tongue_closed_eyes,www.google.com
I hate the new Slack logo (iPhone just updated my app). That is all. :stuck_out_tongue_closed_eyes,amp
I hate the new Slack logo (iPhone just updated my app). That is all. :stuck_out_tongue_closed_eyes,www.telegraph.co.uk
I hate the new Slack logo (iPhone just updated my app). That is all. :stuck_out_tongue_closed_eyes,technology
I hate the new Slack logo (iPhone just updated my app). That is all. :stuck_out_tongue_closed_eyes,2017
I hate the new Slack logo (iPhone just updated my app). That is all. :stuck_out_tongue_closed_eyes,09
I hate the new Slack logo (iPhone just updated my app). That is all. :stuck_out_tongue_closed_eyes,20
I hate the new Slack logo (iPhone just updated my app). That is all. :stuck_out_tongue_closed_eyes,ios-11-update-blocks-microsoft-accounts-sending-emails
I hate the new Slack logo (iPhone just updated my app). That is all. :stuck_out_tongue_closed_eyes,amp
I hate the new Slack logo (iPhone just updated my app). That is all. :stuck_out_tongue_closed_eyes,up
I hate the new Slack logo (iPhone just updated my app). That is all. :stuck_out_tongue_closed_eyes,updating
I hate the new Slack logo (iPhone just updated my app). That is all. :stuck_out_tongue_closed_eyes,the
I hate the new Slack logo (iPhone just updated my app). That is all. :stuck_out_tongue_closed_eyes,to
I hate the new Slack logo (iPhone just updated my app). That is all. :stuck_out_tongue_closed_eyes,the
I hate the new Slack logo (iPhone just updated my app). That is all. :stuck_out_tongue_closed_eyes,latest
I hate the new Slack logo (iPhone just updated my app). That is all. :stuck_out_tongue_closed_eyes,version
I hate the new Slack logo (iPhone just updated my app). That is all. :stuck_out_tongue_closed_eyes,because
I hate the new Slack logo (iPhone just updated my app). That is all. :stuck_out_tongue_closed_eyes,it
I hate the new Slack logo (iPhone just updated my app). That is all. :stuck_out_tongue_closed_eyes,s
I hate the new Slack logo (iPhone just updated my app). That is all. :stuck_out_tongue_closed_eyes,good
I hate the new Slack logo (iPhone just updated my app). That is all. :stuck_out_tongue_closed_eyes,security
I hate the new Slack logo (iPhone just updated my app). That is all. :stuck_out_tongue_closed_eyes,practice
I hate the new Slack logo (iPhone just updated my app). That is all. :stuck_out_tongue_closed_eyes,be
I hate the new Slack logo (iPhone just updated my app). That is all. :stuck_out_tongue_closed_eyes,a
I hate the new Slack logo (iPhone just updated my app). That is all. :stuck_out_tongue_closed_eyes,touch
I hate the new Slack logo (iPhone just updated my app). That is all. :stuck_out_tongue_closed_eyes,of
I hate the new Slack logo (iPhone just updated my app). That is all. :stuck_out_tongue_closed_eyes,downtime
I hate the new Slack logo (iPhone just updated my app). That is all. :stuck_out_tongue_closed_eyes,if
I hate the new Slack logo (iPhone just updated my app). That is all. :stuck_out_tongue_closed_eyes,people
I hate the new Slack logo (iPhone just updated my app). That is all. :stuck_out_tongue_closed_eyes,are
I hate the new Slack logo (iPhone just updated my app). That is all. :stuck_out_tongue_closed_eyes,trying
I hate the new Slack logo (iPhone just updated my app). That is all. :stuck_out_tongue_closed_eyes,to
I hate the new Slack logo (iPhone just updated my app). That is all. :stuck_out_tongue_closed_eyes,upload
I hate the new Slack logo (iPhone just updated my app). That is all. :stuck_out_tongue_closed_eyes,or
I hate the new Slack logo (iPhone just updated my app). That is all. :stuck_out_tongue_closed_eyes,download
I hate the new Slack logo (iPhone just updated my app). That is all. :stuck_out_tongue_closed_eyes,files
I hate the new Slack logo (iPhone just updated my app). That is all. :stuck_out_tongue_closed_eyes,shouldn
I hate the new Slack logo (iPhone just updated my app). That is all. :stuck_out_tongue_closed_eyes,t
I hate the new Slack logo (iPhone just updated my app). That is all. :stuck_out_tongue_closed_eyes,be
I hate the new Slack logo (iPhone just updated my app). That is all. :stuck_out_tongue_closed_eyes,more
I hate the new Slack logo (iPhone just updated my app). That is all. :stuck_out_tongue_closed_eyes,than
I hate the new Slack logo (iPhone just updated my app). That is all. :stuck_out_tongue_closed_eyes,an
I hate the new Slack logo (iPhone just updated my app). That is all. :stuck_out_tongue_closed_eyes,hour
I hate the new Slack logo (iPhone just updated my app). That is all. :stuck_out_tongue_closed_eyes,good
I hate the new Slack logo (iPhone just updated my app). That is all. :stuck_out_tongue_closed_eyes,works
I hate the new Slack logo (iPhone just updated my app). That is all. :stuck_out_tongue_closed_eyes,for
I hate the new Slack logo (iPhone just updated my app). That is all. :stuck_out_tongue_closed_eyes,me
I hate the new Slack logo (iPhone just updated my app). That is all. :stuck_out_tongue_closed_eyes,here
I hate the new Slack logo (iPhone just updated my app). That is all. :stuck_out_tongue_closed_eyes,redirect
I hate the new Slack logo (iPhone just updated my app). That is all. :stuck_out_tongue_closed_eyes,should
I hate the new Slack logo (iPhone just updated my app). That is all. :stuck_out_tongue_closed_eyes,be
I hate the new Slack logo (iPhone just updated my app). That is all. :stuck_out_tongue_closed_eyes,working
I hate the new Slack logo (iPhone just updated my app). That is all. :stuck_out_tongue_closed_eyes,properly
I hate the new Slack logo (iPhone just updated my app). That is all. :stuck_out_tongue_closed_eyes,please
I hate the new Slack logo (iPhone just updated my app). That is all. :stuck_out_tongue_closed_eyes,test
